symbol,timeframe,job_conclusion,job_id
ETH,15m,success,112311790466
BTC,1h,success,112311790562
BNB,30m,success,112311790574
BNB,1h,success,112311790579
ETH,1h,success,112311790580
ETH,1d,success,112311790635
ETH,30m,success,112311790698
BTC,30m,success,112311790700
BTC,4h,success,112311790709
ETH,4h,success,112311790738
BNB,4h,success,112311790741
BNB,15m,success,112311790749
BTC,15m,success,112311790774
BTC,1d,success,112311791006
BNB,1d,success,112311792912
SOL,1h,failure,112311793068
SOL,15m,failure,112311793142
SOL,4h,failure,112311793276
SOL,1d,failure,112311793427
SOL,30m,failure,112311793463
ADA,15m,failure,112311793566
ADA,30m,failure,112311793591
ADA,4h,failure,112311793884
ADA,1h,failure,112311793889
XRP,30m,success,112311795654
XRP,4h,success,112311795672
ADA,1d,failure,112311795685
XRP,1h,success,112311795738
XRP,15m,success,112311795765
XRP,1d,success,112311795864
DOGE,15m,failure,112311796095
DOGE,30m,failure,112311796276
DOGE,4h,failure,112311796384
DOGE,1h,failure,112311797162
DOGE,1d,failure,112311798176
DOT,30m,failure,112311798272
DOT,1h,failure,112311798331
DOT,4h,failure,112311798437
DOT,15m,failure,112311798579
DOT,1d,failure,112311798928
AVAX,15m,failure,112311799055
AVAX,30m,failure,112311799196
AVAX,1h,failure,112311799482
AVAX,4h,failure,112311800098
AVAX,1d,failure,112311800668
LINK,15m,failure,112311800723
LINK,4h,failure,112311801109
LINK,30m,failure,112311801140
LINK,1h,failure,112311801171
TRX,15m,cancelled,112311801192
LINK,1d,failure,112311801453
TRX,30m,cancelled,112311802165
TRX,1h,cancelled,112311802229
TRX,1d,cancelled,112311802815
TRX,4h,success,112311802878
LTC,15m,cancelled,112311803175
LTC,1h,cancelled,112311803505
LTC,1d,cancelled,112311803626
LTC,4h,cancelled,112311803655
LTC,30m,cancelled,112311803702
BCH,15m,cancelled,112311804189
BCH,1h,cancelled,112311805289
BCH,30m,cancelled,112311805325
BCH,4h,cancelled,112311805415
BCH,1d,cancelled,112311805685
ATOM,15m,cancelled,112311805779
ATOM,30m,cancelled,112311806073
ATOM,1h,cancelled,112311806080
ATOM,4h,cancelled,112311806313
ATOM,1d,cancelled,112311806518
UNI,15m,cancelled,112311806656
UNI,30m,cancelled,112311807968
UNI,1h,cancelled,112311808067
UNI,1d,cancelled,112311808449
ETC,15m,cancelled,112311808451
UNI,4h,cancelled,112311808593
ETC,30m,cancelled,112311808597
ETC,1h,cancelled,112311808889
ETC,4h,cancelled,112311808950
ETC,1d,cancelled,112311809031
FIL,15m,cancelled,112311809100
FIL,1h,cancelled,112311810626
FIL,30m,cancelled,112311810649
FIL,4h,cancelled,112311810694
FIL,1d,cancelled,112311811001
NEAR,30m,cancelled,112311811217
NEAR,4h,cancelled,112311811342
NEAR,1h,cancelled,112311811534
NEAR,15m,cancelled,112311811584
NEAR,1d,cancelled,112311811598
APT,15m,cancelled,112311811936
APT,30m,cancelled,112311813036
APT,1h,cancelled,112311813087
APT,4h,cancelled,112311813233
APT,1d,cancelled,112311813298
ARB,30m,cancelled,112311813674
ARB,15m,cancelled,112311813685
ARB,1h,cancelled,112311814224
ARB,4h,cancelled,112311814645
OP,15m,cancelled,112311815071
ARB,1d,cancelled,112311815140
OP,1h,cancelled,112311815703
OP,4h,cancelled,112311815859
OP,30m,cancelled,112311815878
SUI,15m,cancelled,112311816294
SUI,30m,cancelled,112311816510
OP,1d,cancelled,112311816595
SUI,1h,cancelled,112311816942
SUI,4h,cancelled,112311817403
SUI,1d,cancelled,112311817801
INJ,30m,cancelled,112311818156
INJ,1h,cancelled,112311818157
INJ,15m,cancelled,112311818278
INJ,4h,cancelled,112311818334
INJ,1d,cancelled,112311818366
AAVE,15m,cancelled,112311818627
AAVE,30m,cancelled,112311819054
AAVE,4h,cancelled,112311819686
ALGO,15m,cancelled,112311820029
AAVE,1h,cancelled,112311820079
AAVE,1d,cancelled,112311820198
ALGO,30m,cancelled,112311820530
ALGO,1h,cancelled,112311820744
ALGO,1d,cancelled,112311820771
ALGO,4h,cancelled,112311820823
VET,15m,cancelled,112311821209
VET,1h,cancelled,112311821779
VET,30m,cancelled,112311821906
VET,4h,cancelled,112311822653
VET,1d,cancelled,112311822751
ICP,15m,cancelled,112311822923
ICP,1h,cancelled,112311823006
ICP,30m,cancelled,112311823034
ICP,4h,cancelled,112311823217
ICP,1d,cancelled,112311823379
GRT,30m,cancelled,112311823904
GRT,15m,cancelled,112311824050
GRT,1h,cancelled,112311824651
GRT,4h,cancelled,112311824723
GRT,1d,cancelled,112311825095
MKR,15m,cancelled,112311825346
MKR,1h,cancelled,112311825552
MKR,30m,cancelled,112311825626
MKR,1d,cancelled,112311825629
MKR,4h,cancelled,112311825696
RUNE,15m,cancelled,112311825994
RUNE,30m,cancelled,112311826641
RUNE,1h,cancelled,112311826832
RUNE,4h,cancelled,112311826992
RUNE,1d,cancelled,112311827291
